{
    "lightGBM": {
        "test_auc": [
            0.8285143131927328,
            0.8274178968777427
        ],
        "total_test_score": [
            447562.21,
            567375.06
        ],
        "total_test_ratio": [
            0.1903,
            0.4489
        ]
    },
    "NeuralNetworks": {
        "test_auc": [
            0.7614949626600938,
            0.7399483127407649
        ],
        "total_test_score": [
            272677.38,
            375052.62
        ],
        "total_test_ratio": [
            0.3735,
            0.2372
        ]
    },
    "FANS": {
        "test_auc": [
            0.7262815392134707,
            0.7133051992074795
        ],
        "total_test_score": [
            338807.9000000001,
            407249.67000000004
        ],
        "total_test_ratio": [
            0.1009,
            0.2203
        ]
    },
    "OneClassSVM": {
        "test_auc": [
            0.5952604465022415,
            0.6028847770904829
        ],
        "total_test_score": [
            428867.6500000001,
            513803.62000000017
        ],
        "total_test_ratio": [
            0.0,
            0.0492
        ]
    },
    "IsolationForest": {
        "test_auc": [
            0.6444842179115928,
            0.6869544195628524
        ],
        "total_test_score": [
            653958.9799999999,
            671491.8400000001
        ],
        "total_test_ratio": [
            0.0143,
            0.0115
        ]
    }
}