{
    "lightGBM": {
        "test_auc": [
            0.8344128884427604,
            0.8099297610351116,
            0.7881482586097257,
            0.7499287230855743,
            0.8653214490301084,
            0.8111950083824279,
            0.7750165546381892,
            0.817283764892605,
            0.8316931978831085,
            0.7970049900409398,
            0.7992434793119576,
            0.8073040114778824,
            0.8067104751443932,
            0.8653368868871499,
            0.7756849810015819
        ],
        "total_test_score": [
            563362.3500000002,
            420833.92000000004,
            577263.85,
            537578.02,
            539184.99,
            507615.5,
            539137.5900000001,
            461029.23999999993,
            608004.8200000001,
            563967.26,
            569757.6299999999,
            573643.0799999998,
            548240.7,
            564985.6900000001,
            388198.38999999984
        ],
        "total_test_ratio": [
            0.5083,
            0.4962,
            0.3908,
            0.3771,
            0.4658,
            0.393,
            0.4027,
            0.4544,
            0.4473,
            0.3764,
            0.334,
            0.5277,
            0.4657,
            0.4479,
            0.4248
        ]
    },
    "NeuralNetworks": {
        "test_auc": [
            0.7605683627725603,
            0.6924384719280636,
            0.7095298219982237,
            0.6985285422984144,
            0.7575303895858186,
            0.7069592545682919,
            0.7727974448047341,
            0.7288468512027076,
            0.7204877443122993,
            0.7399026560997273,
            0.7436767194488093,
            0.7206220865150648,
            0.7237067017379742,
            0.7616828446649394,
            0.754303220534058
        ],
        "total_test_score": [
            366750.74000000017,
            364474.6600000001,
            387181.14999999997,
            332715.58999999997,
            351210.7700000001,
            359337.4800000001,
            472599.28999999975,
            359373.29,
            398547.0000000001,
            406239.6900000002,
            391126.4499999999,
            358538.81999999995,
            400632.24,
            344085.8800000001,
            347283.8200000001
        ],
        "total_test_ratio": [
            0.3999,
            0.3266,
            0.2595,
            0.2541,
            0.2631,
            0.3891,
            0.4022,
            0.2928,
            0.3488,
            0.3475,
            0.3085,
            0.3132,
            0.295,
            0.2179,
            0.3382
        ]
    }
}